ID,Frame Name,Cycle Time [ms],Launch Type,Launch Parameter,Signal Byte No.,Signal Bit No.,Signal Name,Signal Function,Signal Length [Bit],Signal Default, Signal Not Available,Byteorder,is signed,SCANNER,TLB_BAT,TPMS,IMU,BRUSA,BMS_LV,SB_REAR,DSPACE,EXTRA_NODE,SB_FRONT,DASH,DIAG_TOOL,Name / Phys. Range,Function / Increment Unit,Value,frame.,signal.
 17h,DSPACE__timeAndDate,10,Cyclic,,1,0,DATETIME_year,Current year expressed as an offset from 1970,8,0, ,i,u,r,r,,,,r,r,s,,r,r,,0..255,,,,
 17h,DSPACE__timeAndDate,10,Cyclic,,2,0,DATETIME_month,"Current month of the year (1 = January, 12 = December)",4,0, ,i,u,r,r,,,,r,r,s,,r,r,,0..11,,,,
 17h,DSPACE__timeAndDate,10,Cyclic,,2,4,DATETIME_day,"Current day of the month, from 1 to 31",5,1, ,i,u,r,r,,,,r,r,s,,r,r,,1..31,,,,
 17h,DSPACE__timeAndDate,10,Cyclic,,3,1,DATETIME_hours,Current hours of the day (1-24),5,0, ,i,u,r,r,,,,r,r,s,,r,r,,0..23,h,,,
 17h,DSPACE__timeAndDate,10,Cyclic,,3,6,DATETIME_minutes,Current minutes of the hour,6,0, ,i,u,r,r,,,,r,r,s,,r,r,,0..59,min,,,
 17h,DSPACE__timeAndDate,10,Cyclic,,4,4,DATETIME_seconds,Current seconds of the minute,6,0, ,i,u,r,r,,,,r,r,s,,r,r,,0..59,sec,,,
 17h,DSPACE__timeAndDate,10,Cyclic,,5,2,DATETIME_houndresOfASeconds,Current tens of the second,7,0, ,i,u,r,r,,,,r,r,s,,r,r,,0..99,sec,,,
 41h,TLB_BAT__signalsStatus,10,Cyclic,,1,0,AIR_POS_cmd_isActive,Status of the Positive AIR command,1,0, ,i,u,r,s,,,,,,r,,,,,0..1,,,,
 41h,TLB_BAT__signalsStatus,10,Cyclic,,1,1,AIR_POS_isClosed,Status of the Positive AIR mechanical state,1,0, ,i,u,r,s,,,,,,r,,,,,0..1,,,,
 41h,TLB_BAT__signalsStatus,10,Cyclic,,1,2,AIR_NEG_cmd_isActive,Status of the Negative AIR command,1,0, ,i,u,r,s,,,,,,r,,,,,0..1,,,,
 41h,TLB_BAT__signalsStatus,10,Cyclic,,1,3,AIR_NEG_isClosed,Status of the Negative AIR mechanical state,1,0, ,i,u,r,s,,,,,,r,,,,,0..1,,,,
 41h,TLB_BAT__signalsStatus,10,Cyclic,,1,4,DCBUS_PRECH_RLY_cmd_isActive,Status of the DCBUS Precharge Relay command,1,0, ,i,u,r,s,,,,,,r,,,,,0..1,,,,
 41h,TLB_BAT__signalsStatus,10,Cyclic,,1,5,DCBUS_PRECH_RLY_isClosed,Status of the DCBUS Precharge Relay mechanical state,1,0, ,i,u,r,s,,,,,,r,,,,,0..1,,,,
 41h,TLB_BAT__signalsStatus,10,Cyclic,,1,6,AMS_err_isActive,States whether the AMS error is active,1,0, ,i,u,r,s,,,,,,r,,,,,0..1,,,,
 41h,TLB_BAT__signalsStatus,10,Cyclic,,1,7,IMD_err_isActive,States whether the IMD error is active,1,0, ,i,u,r,s,,,,,,r,,,,,0..1,,,,
 41h,TLB_BAT__signalsStatus,10,Cyclic,,2,0,TSAL_green_isActive,States whether the TSAL green signal is active,1,0, ,i,u,r,s,,,,,,r,,,,,0..1,,,,
 41h,TLB_BAT__signalsStatus,10,Cyclic,,2,1,DCBUS_isOver60V,States whether the DC BUS volatge is over 60V,1,0, ,i,u,r,s,,,,,,r,,,,,0..1,,,,
 41h,TLB_BAT__signalsStatus,10,Cyclic,,2,2,IMP_any_isActive,States whether any implausibility is active,1,0, ,i,u,r,s,,,,,,r,,,,,0..1,,,,
 41h,TLB_BAT__signalsStatus,10,Cyclic,,2,3,IMP_HV_RelaysState_isActive,"States whether an implausibility on HV relays (NEG,POS,PRECH) State is active (differene between cmd and mechanical state)",1,0, ,i,u,r,s,,,,,,r,,,,,0..1,,,,
 41h,TLB_BAT__signalsStatus,10,Cyclic,,2,4,IMP_DCBUS_isActive,States whether the DCBUS Implausibility is active (DCBUS Less then 60V and TS is active),1,0, ,i,u,r,s,,,,,,r,,,,,0..1,,,,
 41h,TLB_BAT__signalsStatus,10,Cyclic,,2,5,AIR_POS_STG_mechStateSignal_isActive,States whether a Short To Gnd on AIR POS mechanical state signal is active,1,0, ,i,u,r,s,,,,,,r,,,,,0..1,,,,
 41h,TLB_BAT__signalsStatus,10,Cyclic,,2,6,AIR_NEG_STG_mechStateSignal_isActive,States whether a Short To Gnd on AIR NEG mechanical state signal is active,1,0, ,i,u,r,s,,,,,,r,,,,,0..1,,,,
 52h,SB_FRONT__analogDevice,10,Cyclic,,1,0,APPS_0_voltage,The voltage of the APPS #0 expressed in mV,16,0, ,i,u,r,,,,,,,r,,s,,,0..65535,mV,,,
 52h,SB_FRONT__analogDevice,10,Cyclic,,3,0,APPS_1_voltage,The voltage of the APPS #1 expressed in mV,16,0, ,i,u,r,,,,,,,r,,s,,,0..65535,mV,,,
 52h,SB_FRONT__analogDevice,10,Cyclic,,5,0,STEER_RME_voltage,The voltage of the Steering Wheel RME (rotary magnetic encoder) sensor expressed in mV,16,0, ,i,u,r,,,,,,,r,,s,,,0..65535,mV,,,
 52h,SB_FRONT__analogDevice,10,Cyclic,,7,0,BRAKE_PRESS_FRONT_voltage,The voltage of the front brake pressure sensor expressed in mV,16,0, ,i,u,r,,,,,,,r,,s,,,0..8192,mV,,,
 63h,SB_REAR__analogDevice,10,Cyclic,,1,0,COOL_PRESS_LEFT_voltage,The voltage of the left cooling pressure sensor expressed in mV,16,0, ,i,u,r,,,,,,s,r,,,,,0..65535,mV,,,
 63h,SB_REAR__analogDevice,10,Cyclic,,3,0,COOL_PRESS_RIGHT_voltage,The voltage of the right cooling pressure sensor expressed in mV,16,0, ,i,u,r,,,,,,s,r,,,,,0..65535,mV,,,
 63h,SB_REAR__analogDevice,10,Cyclic,,5,0,BRAKE_PRESS_REAR_voltage,The voltage of the rear brake pressure sensor expressed in mV,16,0, ,i,u,r,,,,,,s,r,,,,,0..65535,mV,,,
 73h,SB_REAR__criticalPeripherals,10,Cyclic,,1,0,DISCHARGE_isActive,States whether the discharge is discharging the DCBUS,1,0, ,i,u,r,,,,,,s,r,,,,,0..1,,,,
 73h,SB_REAR__criticalPeripherals,10,Cyclic,,1,1,BSPD_hasError,States whether the BSPD has an error,1,0, ,i,u,r,,,,,,s,r,,,,,0..1,,,,
144h,BMS_LV__lvBatGeneral,100,Cyclic,,1,0,LV_BAT_currentSensVoltage,The voltage returned by the current sensor of the LV battery expressed in mV,16,0.000, ,i,u,r,,,,,s,,r,,,,,0..4980.66,0.076  mV,,,
144h,BMS_LV__lvBatGeneral,100,Cyclic,,3,0,LV_BAT_voltage,The total read voltage of the LV battery pack expressed in mV,16,0.122, ,i,u,r,,,,,s,,r,,,,,0..17497.8,0.267  mV,,,
144h,BMS_LV__lvBatGeneral,100,Cyclic,,5,0,LV_BAT_summedVoltage,The total voltage of the LV battery pack calculated by summing each cell voltage expressed in mV,16,0.122, ,i,u,r,,,,,s,,r,,,,,0..17497.8,0.267  mV,,,
165h,DASH__hmiDevicesState,200,Cyclic,,1,0,BTN_RTD_isPressed,Ready To Drive Button pressed,1,0, ,i,u,r,,,,,,,r,,,s,,0..255,,,,
165h,DASH__hmiDevicesState,200,Cyclic,,1,1,BTN_1_isPressed,Steering wheel Button #1 is pressed,1,0, ,i,u,r,,,,,,,r,,,s,,0..1,,,,
165h,DASH__hmiDevicesState,200,Cyclic,,1,2,BTN_2_isPressed,Steering wheel Button #2 is pressed,1,0, ,i,u,r,,,,,,,r,,,s,,0..1,,,,
165h,DASH__hmiDevicesState,200,Cyclic,,1,3,BTN_3_isPressed,Steering wheel Button #3 is pressed,1,0, ,i,u,r,,,,,,,r,,,s,,0..1,,,,
165h,DASH__hmiDevicesState,200,Cyclic,,1,4,BTN_4_isPressed,Steering wheel Button #4 is pressed,1,0, ,i,u,r,,,,,,,r,,,s,,0..1,,,,
165h,DASH__hmiDevicesState,200,Cyclic,,2,0,ROT_SW_1_state,Rotary Switch 1 state,4,0, ,i,u,r,,,,,,,r,,,s,,0..9,,,,
165h,DASH__hmiDevicesState,200,Cyclic,,2,4,ROT_SW_2_state,Rotary Switch 2 state,4,0, ,i,u,r,,,,,,,r,,,s,,0..9,,,,
197h,DSPACE__peripheralsCTRL,10,Cyclic,,1,0,BRAKE_LIGHT_activeCMD,The command to turn on the brake light (0 inactive - 1 active),1,0, ,i,u,r,,,,,,r,s,,,r,,0..1,,,,
197h,DSPACE__peripheralsCTRL,10,Cyclic,,1,1,DASH_SDC_RLY_closeCMD,The command to close the SDC relay (0 open - 1 close),1,0, ,i,u,r,,,,,,,s,,,r,,0..1,,,,
197h,DSPACE__peripheralsCTRL,10,Cyclic,,2,0,RAD_FAN_pwmDutyCicleCtrl,PWM duty cycle percentage for Radiator Fans control,8,0, ,i,u,r,,,,,,r,s,,,r,,0..100,%,,,
197h,DSPACE__peripheralsCTRL,10,Cyclic,,3,0,COOL_PUMPS_speedCtrl,Speed percentage for Cooling Pumps control,8,0, ,i,u,r,,,,,,r,s,,,r,,0..100,%,,,
286h,DIAG_TOOL__xcpTxBMS_LV,0,CyclicIfActive,,1,0,xcp_payload,xcp payload data,64,0, ,i,u,,,,,,r,,,,,,s,0..0,,,,
296h,DIAG_TOOL__xcpTxDASH,0,CyclicIfActive,,1,0,xcp_payload,xcp payload data,64,0, ,i,u,,,,,,,,,,,r,s,0..0,,,,
2A6h,DIAG_TOOL__xcpTxSB_REAR,0,CyclicIfActive,,1,0,xcp_payload,xcp payload data,64,0, ,i,u,,,,,,,r,,,,,s,0..0,,,,
2B6h,DIAG_TOOL__xcpTxSB_FRONT,0,CyclicIfActive,,1,0,xcp_payload,xcp payload data,64,0, ,i,u,,,,,,,,,,r,,s,0..0,,,,
2C6h,DIAG_TOOL__xcpTxSCANNER,0,CyclicIfActive,,1,0,xcp_payload,xcp payload data,64,0, ,i,u,r,,,,,,,,,,,s,0..0,,,,
2D6h,DIAG_TOOL__xcpTxTLB_BAT,0,CyclicIfActive,,1,0,xcp_payload,xcp payload data,64,0, ,i,u,,r,,,,,,,,,,s,0..0,,,,
2E1h,TLB_BAT__SDCsensingStatus,10,Cyclic,,1,0,SDC_TSAC_initialIn_isActive,Shutdown Circuit sensing: TSAC Initial input is active status,1,0, ,i,u,r,s,,,,,,r,,,,,0..1,,,,
2E1h,TLB_BAT__SDCsensingStatus,10,Cyclic,,1,1,SDC_post_AMS_IMD_relay_isActive,Shutdown Circuit sensing: post AMS/IMD relay is active status,1,0, ,i,u,r,s,,,,,,r,,,,,0..1,,,,
2E1h,TLB_BAT__SDCsensingStatus,10,Cyclic,,1,2,SDC_TSAC_finalIn_isActive,Shutdown Circuit sensing: TSAC Final Input is active status,1,0, ,i,u,r,s,,,,,,r,,,,,0..1,,,,
2E1h,TLB_BAT__SDCsensingStatus,10,Cyclic,,1,3,SDC_PrechBypassRelay_isClosed,States whether the SDC precharge bypass relay is closed,1,0, ,i,u,r,s,,,,,,r,,,,,0..1,,,,
2E1h,TLB_BAT__SDCsensingStatus,10,Cyclic,,1,4,SDC_TSAC_initialIn_voltage,Shutdown Circuit sensing: TSAC Initial Input voltage,8,0.000, ,i,u,r,s,,,,,,r,,,,,0..255,0.177  V,,,
2E1h,TLB_BAT__SDCsensingStatus,10,Cyclic,,2,4,SDC_TSAC_finalIn_voltage,Shutdown Circuit sensing: TSAC Final Input voltage,8,0.000, ,i,u,r,s,,,,,,r,,,,,0..255,0.177  V,,,
2F3h,SB_REAR__SDCsensingStatus,10,Cyclic,,1,0,SDC_POST_BSPD_isClosed,States whether the SDC post BSPD is closed,1,0, ,i,u,r,,,,,,s,r,,,,,0..1,,,,
2F3h,SB_REAR__SDCsensingStatus,10,Cyclic,,1,1,SDC_PRE_PUSH_BTNS_isClosed,States whether the SDC per push buttons (hoop right/left) is closed,1,0, ,i,u,r,,,,,,s,r,,,,,0..1,,,,
2F3h,SB_REAR__SDCsensingStatus,10,Cyclic,,1,2,SDC_POST_DC_BUS_isClosed,States whether the SDC post DC bus (inverter mono) is closed,1,0, ,i,u,r,,,,,,s,r,,,,,0..1,,,,
2F3h,SB_REAR__SDCsensingStatus,10,Cyclic,,1,3,SDC_POST_INV_FR_isClosed,States whether the SDC post inverter front right is closed,1,0, ,i,u,r,,,,,,s,r,,,,,0..1,,,,
302h,SB_FRONT__SDCsensingStatus,10,Cyclic,,1,0,SDC_POST_INERTIA_isActive,States whether the SDC post inertia switch is active,1,0, ,i,u,r,,,,,,,r,,s,,,0..1,,,,
302h,SB_FRONT__SDCsensingStatus,10,Cyclic,,1,1,SDC_POST_BOTS_isActive,States whether the SDC post BOTS is active,1,0, ,i,u,r,,,,,,,r,,s,,,0..1,,,,
302h,SB_FRONT__SDCsensingStatus,10,Cyclic,,1,2,SDC_POST_CP_PUSH_BTN_isActive,States whether the SDC post cockpit push button is active,1,0, ,i,u,r,,,,,,,r,,s,,,0..1,,,,
322h,SB_FRONT__potentiometer,10,Cyclic,,1,0,LPPS_DAMPER_FL_voltage,The voltage of the linear potentiometer position sensor on the front left damper expressed in mV,16,0, ,i,u,r,,,,,,,r,,s,,,0..65535,mV,,,
322h,SB_FRONT__potentiometer,10,Cyclic,,3,0,LPPS_DAMPER_FR_voltage,The voltage of the linear potentiometer position sensor on the front right damper expressed in mV,16,0, ,i,u,r,,,,,,,r,,s,,,0..65535,mV,,,
333h,SB_REAR__potentiometer,10,Cyclic,,1,0,LPPS_DAMPER_RL_voltage,The voltage of the linear potentiometer position sensor on the rear left damper expressed in mV,16,0, ,i,u,r,,,,,,s,r,,,,,0..65535,mV,,,
333h,SB_REAR__potentiometer,10,Cyclic,,3,0,LPPS_DAMPER_RR_voltage,The voltage of the linear potentiometer position sensor on the rear left damper expressed in mV,16,0, ,i,u,r,,,,,,s,r,,,,,0..65535,mV,,,
37Bh,IMU__Accelerometers,0,NoMsgSendType,,1,0,ACCEL_X,,16,0.00, ,i,s,,,,s,,,,,,,,,-327.68..327.67,0.01  m.s-2,,,
37Bh,IMU__Accelerometers,0,NoMsgSendType,,3,0,ACCEL_Y,,16,0.00, ,i,s,,,,s,,,,,,,,,-327.68..327.67,0.01  m.s-2,,,
37Bh,IMU__Accelerometers,0,NoMsgSendType,,5,0,ACCEL_Z,,16,0.00, ,i,s,,,,s,,,,,,,,,-327.68..327.67,0.01  m.s-2,,,
38Bh,IMU__Gyro,0,NoMsgSendType,,1,0,GYRO_X,,16,0.000, ,i,s,,,,s,,,,,,,,,-32.768..32.767,0.001  rad.s-1,,,
38Bh,IMU__Gyro,0,NoMsgSendType,,3,0,GYRO_Y,,16,0.000, ,i,s,,,,s,,,,,,,,,-32.768..32.767,0.001  rad.s-1,,,
38Bh,IMU__Gyro,0,NoMsgSendType,,5,0,GYRO_Z,,16,0.000, ,i,s,,,,s,,,,,,,,,-32.768..32.767,0.001  rad.s-1,,,
39Bh,IMU__Euler,0,NoMsgSendType,,1,0,ROLL,,16,0.0000, ,i,s,,,,s,,,,,,,,,-3.2768..3.2767,0.0001  rad,,,
39Bh,IMU__Euler,0,NoMsgSendType,,3,0,PITCH,,16,0.0000, ,i,s,,,,s,,,,,,,,,-3.2768..3.2767,0.0001  rad,,,
39Bh,IMU__Euler,0,NoMsgSendType,,5,0,YAW,,16,0.0000, ,i,s,,,,s,,,,,,,,,-3.2768..3.2767,0.0001  rad,,,
3ABh,IMU__GPS1_Position,0,NoMsgSendType,,1,0,LATITUDE,,32,0E-7, ,i,s,,,,s,,,,,,,,,-214.748..214.748,1e-07  ï¿½,,,
3ABh,IMU__GPS1_Position,0,NoMsgSendType,,5,0,LONGITUDE,,32,0E-7, ,i,s,,,,s,,,,,,,,,-214.748..214.748,1e-07  ï¿½,,,
3BBh,IMU__VelocityBody,0,NoMsgSendType,,1,0,VELOCITY_X,,16,0.00, ,i,s,,,,s,,,,,,,,,-327.68..327.67,0.01  m.s-1,,,
3BBh,IMU__VelocityBody,0,NoMsgSendType,,3,0,VELOCITY_Y,,16,0.00, ,i,s,,,,s,,,,,,,,,-327.68..327.67,0.01  m.s-1,,,
3BBh,IMU__VelocityBody,0,NoMsgSendType,,5,0,VELOCITY_Z,,16,0.00, ,i,s,,,,s,,,,,,,,,-327.68..327.67,0.01  m.s-1,,,
3CBh,IMU__TrackSlipCurv,0,NoMsgSendType,,1,0,ANGLE_TRACK,,16,0.0000, ,i,s,,,,s,,,,,,,,,-3.2768..3.2767,0.0001  rad,,,
3CBh,IMU__TrackSlipCurv,0,NoMsgSendType,,3,0,ANGLE_SLIP,,16,0.0000, ,i,s,,,,s,,,,,,,,,-3.2768..3.2767,0.0001  rad,,,
3CBh,IMU__TrackSlipCurv,0,NoMsgSendType,,5,0,CURVATURE_RADIUS,,16,0.00, ,i,u,,,,s,,,,,,,,,0..655.35,0.01  m,,,
3CBh,IMU__TrackSlipCurv,0,NoMsgSendType,,7,0,AUTO_STATUS,,8,0, ,i,u,,,,s,,,,,,,,,0..255,,,,
461h,TLB_BAT__xcpTx,0,CyclicIfActive,,1,0,xcp_payload,xcp payload data,64,0, ,i,u,,s,,,,,,,,,,r,0..0,,,,
462h,SB_FRONT__xcpTx,0,CyclicIfActive,,1,0,xcp_payload,xcp payload data,64,0, ,i,u,,,,,,,,,,s,,r,0..0,,,,
463h,SB_REAR__xcpTx,0,CyclicIfActive,,1,0,xcp_payload,xcp payload data,64,0, ,i,u,,,,,,,s,,,,,r,0..0,,,,
464h,BMS_LV__xcpTx,0,CyclicIfActive,,1,0,xcp_payload,xcp payload data,64,0, ,i,u,,,,,,s,,,,,,r,0..0,,,,
465h,DASH__xcpTx,0,CyclicIfActive,,1,0,xcp_payload,xcp payload data,64,0, ,i,u,,,,,,,,,,,s,r,0..0,,,,
467h,DSPACE__xcpTx,0,CyclicIfActive,,1,0,xcp_payload,xcp payload data,64,0, ,i,u,,,,,,,,s,,,,r,0..0,,,,
469h,SCANNER__xcpTx,0,CyclicIfActive,,1,0,xcp_payload,xcp payload data,64,0, ,i,u,s,,,,,,,,,,,r,0..0,,,,
497h,DSPACE__signals,100,Cyclic,,1,0,HVBAT_soc,HV Battery State Of Charge percentage,8,100, ,i,u,r,,,,,,,s,,,r,,100..0,%,,,
4A7h,DSPACE__fsmStates,100,Cyclic,,1,0,DSPACE_main_FSM_State,The state of the main/RTD FSM of dspace,8,0, ,i,s,r,,,,,,,s,,,r,,-1..5,,"5: TS OFF, 255: DISCHARGE, 0: IDLE, 1: PRECHARGE, 2: TS ON, 3: RTD REQUEST, 4: RTD",,
4A7h,DSPACE__fsmStates,100,Cyclic,,1,0,DSPACE_main_FSM_State,The state of the main/RTD FSM of dspace,8,0, ,i,s,r,,,,,,,s,,,r,,-1..5,,"5: TS OFF, 255: DISCHARGE, 0: IDLE, 1: PRECHARGE, 2: TS ON, 3: RTD REQUEST, 4: RTD",,
4A7h,DSPACE__fsmStates,100,Cyclic,,1,0,DSPACE_main_FSM_State,The state of the main/RTD FSM of dspace,8,0, ,i,s,r,,,,,,,s,,,r,,-1..5,,"5: TS OFF, 255: DISCHARGE, 0: IDLE, 1: PRECHARGE, 2: TS ON, 3: RTD REQUEST, 4: RTD",,
4A7h,DSPACE__fsmStates,100,Cyclic,,1,0,DSPACE_main_FSM_State,The state of the main/RTD FSM of dspace,8,0, ,i,s,r,,,,,,,s,,,r,,-1..5,,"5: TS OFF, 255: DISCHARGE, 0: IDLE, 1: PRECHARGE, 2: TS ON, 3: RTD REQUEST, 4: RTD",,
4A7h,DSPACE__fsmStates,100,Cyclic,,1,0,DSPACE_main_FSM_State,The state of the main/RTD FSM of dspace,8,0, ,i,s,r,,,,,,,s,,,r,,-1..5,,"5: TS OFF, 255: DISCHARGE, 0: IDLE, 1: PRECHARGE, 2: TS ON, 3: RTD REQUEST, 4: RTD",,
4A7h,DSPACE__fsmStates,100,Cyclic,,1,0,DSPACE_main_FSM_State,The state of the main/RTD FSM of dspace,8,0, ,i,s,r,,,,,,,s,,,r,,-1..5,,"5: TS OFF, 255: DISCHARGE, 0: IDLE, 1: PRECHARGE, 2: TS ON, 3: RTD REQUEST, 4: RTD",,
4A7h,DSPACE__fsmStates,100,Cyclic,,1,0,DSPACE_main_FSM_State,The state of the main/RTD FSM of dspace,8,0, ,i,s,r,,,,,,,s,,,r,,-1..5,,"5: TS OFF, 255: DISCHARGE, 0: IDLE, 1: PRECHARGE, 2: TS ON, 3: RTD REQUEST, 4: RTD",,
4A7h,DSPACE__fsmStates,100,Cyclic,,2,0,DSPACE_amkInvFL_FSM_State,The state of the AMK Inverter Front Left FSM of dspace,8,0, ,i,s,r,,,,,,,s,,,r,,0..6,,"0: RESET, 1: LV ON , 2: TS ON, 3: RTD, 4: MOTOR DRIVE, 5: INTERM ERROR, 6: HARD ERROR",,
4A7h,DSPACE__fsmStates,100,Cyclic,,2,0,DSPACE_amkInvFL_FSM_State,The state of the AMK Inverter Front Left FSM of dspace,8,0, ,i,s,r,,,,,,,s,,,r,,0..6,,"0: RESET, 1: LV ON , 2: TS ON, 3: RTD, 4: MOTOR DRIVE, 5: INTERM ERROR, 6: HARD ERROR",,
4A7h,DSPACE__fsmStates,100,Cyclic,,2,0,DSPACE_amkInvFL_FSM_State,The state of the AMK Inverter Front Left FSM of dspace,8,0, ,i,s,r,,,,,,,s,,,r,,0..6,,"0: RESET, 1: LV ON , 2: TS ON, 3: RTD, 4: MOTOR DRIVE, 5: INTERM ERROR, 6: HARD ERROR",,
4A7h,DSPACE__fsmStates,100,Cyclic,,2,0,DSPACE_amkInvFL_FSM_State,The state of the AMK Inverter Front Left FSM of dspace,8,0, ,i,s,r,,,,,,,s,,,r,,0..6,,"0: RESET, 1: LV ON , 2: TS ON, 3: RTD, 4: MOTOR DRIVE, 5: INTERM ERROR, 6: HARD ERROR",,
4A7h,DSPACE__fsmStates,100,Cyclic,,2,0,DSPACE_amkInvFL_FSM_State,The state of the AMK Inverter Front Left FSM of dspace,8,0, ,i,s,r,,,,,,,s,,,r,,0..6,,"0: RESET, 1: LV ON , 2: TS ON, 3: RTD, 4: MOTOR DRIVE, 5: INTERM ERROR, 6: HARD ERROR",,
4A7h,DSPACE__fsmStates,100,Cyclic,,2,0,DSPACE_amkInvFL_FSM_State,The state of the AMK Inverter Front Left FSM of dspace,8,0, ,i,s,r,,,,,,,s,,,r,,0..6,,"0: RESET, 1: LV ON , 2: TS ON, 3: RTD, 4: MOTOR DRIVE, 5: INTERM ERROR, 6: HARD ERROR",,
4A7h,DSPACE__fsmStates,100,Cyclic,,2,0,DSPACE_amkInvFL_FSM_State,The state of the AMK Inverter Front Left FSM of dspace,8,0, ,i,s,r,,,,,,,s,,,r,,0..6,,"0: RESET, 1: LV ON , 2: TS ON, 3: RTD, 4: MOTOR DRIVE, 5: INTERM ERROR, 6: HARD ERROR",,
4A7h,DSPACE__fsmStates,100,Cyclic,,3,0,DSPACE_amkInvFR_FSM_State,The state of the AMK Inverter Front Right FSM of dspace,8,0, ,i,s,r,,,,,,,s,,,r,,0..6,,"1: LV ON , 2: TS ON, 3: RTD, 4: MOTOR DRIVE, 5: INTERM ERROR, 6: HARD ERROR, 0: RESET",,
4A7h,DSPACE__fsmStates,100,Cyclic,,3,0,DSPACE_amkInvFR_FSM_State,The state of the AMK Inverter Front Right FSM of dspace,8,0, ,i,s,r,,,,,,,s,,,r,,0..6,,"1: LV ON , 2: TS ON, 3: RTD, 4: MOTOR DRIVE, 5: INTERM ERROR, 6: HARD ERROR, 0: RESET",,
4A7h,DSPACE__fsmStates,100,Cyclic,,3,0,DSPACE_amkInvFR_FSM_State,The state of the AMK Inverter Front Right FSM of dspace,8,0, ,i,s,r,,,,,,,s,,,r,,0..6,,"1: LV ON , 2: TS ON, 3: RTD, 4: MOTOR DRIVE, 5: INTERM ERROR, 6: HARD ERROR, 0: RESET",,
4A7h,DSPACE__fsmStates,100,Cyclic,,3,0,DSPACE_amkInvFR_FSM_State,The state of the AMK Inverter Front Right FSM of dspace,8,0, ,i,s,r,,,,,,,s,,,r,,0..6,,"1: LV ON , 2: TS ON, 3: RTD, 4: MOTOR DRIVE, 5: INTERM ERROR, 6: HARD ERROR, 0: RESET",,
4A7h,DSPACE__fsmStates,100,Cyclic,,3,0,DSPACE_amkInvFR_FSM_State,The state of the AMK Inverter Front Right FSM of dspace,8,0, ,i,s,r,,,,,,,s,,,r,,0..6,,"1: LV ON , 2: TS ON, 3: RTD, 4: MOTOR DRIVE, 5: INTERM ERROR, 6: HARD ERROR, 0: RESET",,
4A7h,DSPACE__fsmStates,100,Cyclic,,3,0,DSPACE_amkInvFR_FSM_State,The state of the AMK Inverter Front Right FSM of dspace,8,0, ,i,s,r,,,,,,,s,,,r,,0..6,,"1: LV ON , 2: TS ON, 3: RTD, 4: MOTOR DRIVE, 5: INTERM ERROR, 6: HARD ERROR, 0: RESET",,
4A7h,DSPACE__fsmStates,100,Cyclic,,3,0,DSPACE_amkInvFR_FSM_State,The state of the AMK Inverter Front Right FSM of dspace,8,0, ,i,s,r,,,,,,,s,,,r,,0..6,,"1: LV ON , 2: TS ON, 3: RTD, 4: MOTOR DRIVE, 5: INTERM ERROR, 6: HARD ERROR, 0: RESET",,
4A7h,DSPACE__fsmStates,100,Cyclic,,4,0,DSPACE_amkInvRL_FSM_State,The state of the AMK Inverter Rear Left FSM of dspace,8,0, ,i,s,r,,,,,,,s,,,r,,0..6,,"2: TS ON, 3: RTD, 4: MOTOR DRIVE, 5: INTERM ERROR, 6: HARD ERROR, 0: RESET, 1: LV ON ",,
4A7h,DSPACE__fsmStates,100,Cyclic,,4,0,DSPACE_amkInvRL_FSM_State,The state of the AMK Inverter Rear Left FSM of dspace,8,0, ,i,s,r,,,,,,,s,,,r,,0..6,,"2: TS ON, 3: RTD, 4: MOTOR DRIVE, 5: INTERM ERROR, 6: HARD ERROR, 0: RESET, 1: LV ON ",,
4A7h,DSPACE__fsmStates,100,Cyclic,,4,0,DSPACE_amkInvRL_FSM_State,The state of the AMK Inverter Rear Left FSM of dspace,8,0, ,i,s,r,,,,,,,s,,,r,,0..6,,"2: TS ON, 3: RTD, 4: MOTOR DRIVE, 5: INTERM ERROR, 6: HARD ERROR, 0: RESET, 1: LV ON ",,
4A7h,DSPACE__fsmStates,100,Cyclic,,4,0,DSPACE_amkInvRL_FSM_State,The state of the AMK Inverter Rear Left FSM of dspace,8,0, ,i,s,r,,,,,,,s,,,r,,0..6,,"2: TS ON, 3: RTD, 4: MOTOR DRIVE, 5: INTERM ERROR, 6: HARD ERROR, 0: RESET, 1: LV ON ",,
4A7h,DSPACE__fsmStates,100,Cyclic,,4,0,DSPACE_amkInvRL_FSM_State,The state of the AMK Inverter Rear Left FSM of dspace,8,0, ,i,s,r,,,,,,,s,,,r,,0..6,,"2: TS ON, 3: RTD, 4: MOTOR DRIVE, 5: INTERM ERROR, 6: HARD ERROR, 0: RESET, 1: LV ON ",,
4A7h,DSPACE__fsmStates,100,Cyclic,,4,0,DSPACE_amkInvRL_FSM_State,The state of the AMK Inverter Rear Left FSM of dspace,8,0, ,i,s,r,,,,,,,s,,,r,,0..6,,"2: TS ON, 3: RTD, 4: MOTOR DRIVE, 5: INTERM ERROR, 6: HARD ERROR, 0: RESET, 1: LV ON ",,
4A7h,DSPACE__fsmStates,100,Cyclic,,4,0,DSPACE_amkInvRL_FSM_State,The state of the AMK Inverter Rear Left FSM of dspace,8,0, ,i,s,r,,,,,,,s,,,r,,0..6,,"2: TS ON, 3: RTD, 4: MOTOR DRIVE, 5: INTERM ERROR, 6: HARD ERROR, 0: RESET, 1: LV ON ",,
4A7h,DSPACE__fsmStates,100,Cyclic,,5,0,DSPACE_amkInvRR_FSM_State,The state of the AMK Inverter Rear Right FSM of dspace,8,0, ,i,s,r,,,,,,,s,,,r,,0..6,,"1: LV ON , 2: TS ON, 3: RTD, 4: MOTOR DRIVE, 5: INTERM ERROR, 6: HARD ERROR, 0: RESET",,
4A7h,DSPACE__fsmStates,100,Cyclic,,5,0,DSPACE_amkInvRR_FSM_State,The state of the AMK Inverter Rear Right FSM of dspace,8,0, ,i,s,r,,,,,,,s,,,r,,0..6,,"1: LV ON , 2: TS ON, 3: RTD, 4: MOTOR DRIVE, 5: INTERM ERROR, 6: HARD ERROR, 0: RESET",,
4A7h,DSPACE__fsmStates,100,Cyclic,,5,0,DSPACE_amkInvRR_FSM_State,The state of the AMK Inverter Rear Right FSM of dspace,8,0, ,i,s,r,,,,,,,s,,,r,,0..6,,"1: LV ON , 2: TS ON, 3: RTD, 4: MOTOR DRIVE, 5: INTERM ERROR, 6: HARD ERROR, 0: RESET",,
4A7h,DSPACE__fsmStates,100,Cyclic,,5,0,DSPACE_amkInvRR_FSM_State,The state of the AMK Inverter Rear Right FSM of dspace,8,0, ,i,s,r,,,,,,,s,,,r,,0..6,,"1: LV ON , 2: TS ON, 3: RTD, 4: MOTOR DRIVE, 5: INTERM ERROR, 6: HARD ERROR, 0: RESET",,
4A7h,DSPACE__fsmStates,100,Cyclic,,5,0,DSPACE_amkInvRR_FSM_State,The state of the AMK Inverter Rear Right FSM of dspace,8,0, ,i,s,r,,,,,,,s,,,r,,0..6,,"1: LV ON , 2: TS ON, 3: RTD, 4: MOTOR DRIVE, 5: INTERM ERROR, 6: HARD ERROR, 0: RESET",,
4A7h,DSPACE__fsmStates,100,Cyclic,,5,0,DSPACE_amkInvRR_FSM_State,The state of the AMK Inverter Rear Right FSM of dspace,8,0, ,i,s,r,,,,,,,s,,,r,,0..6,,"1: LV ON , 2: TS ON, 3: RTD, 4: MOTOR DRIVE, 5: INTERM ERROR, 6: HARD ERROR, 0: RESET",,
4A7h,DSPACE__fsmStates,100,Cyclic,,5,0,DSPACE_amkInvRR_FSM_State,The state of the AMK Inverter Rear Right FSM of dspace,8,0, ,i,s,r,,,,,,,s,,,r,,0..6,,"1: LV ON , 2: TS ON, 3: RTD, 4: MOTOR DRIVE, 5: INTERM ERROR, 6: HARD ERROR, 0: RESET",,
4B4h,BMS_LV__cellsStatus,100,Cyclic,,1,0,LV_CELL_0_isOV,States whether the LV cell #0 is in overvoltage,1,0, ,i,u,r,,,,,s,,r,,,,,0..1,,,,
4B4h,BMS_LV__cellsStatus,100,Cyclic,,1,1,LV_CELL_0_isUV,States whether the LV cell #0 is in undervoltage,1,0, ,i,u,r,,,,,s,,r,,,,,0..1,,,,
4B4h,BMS_LV__cellsStatus,100,Cyclic,,1,2,LV_CELL_1_isOV,States whether the LV cell #1 is in overvoltage,1,0, ,i,u,r,,,,,s,,r,,,,,0..1,,,,
4B4h,BMS_LV__cellsStatus,100,Cyclic,,1,3,LV_CELL_1_isUV,States whether the LV cell #1 is in undervoltage,1,0, ,i,u,r,,,,,s,,r,,,,,0..1,,,,
4B4h,BMS_LV__cellsStatus,100,Cyclic,,1,4,LV_CELL_2_isOV,States whether the LV cell #2 is in overvoltage,1,0, ,i,u,r,,,,,s,,r,,,,,0..1,,,,
4B4h,BMS_LV__cellsStatus,100,Cyclic,,1,5,LV_CELL_2_isUV,States whether the LV cell #2 is in undervoltage,1,0, ,i,u,r,,,,,s,,r,,,,,0..1,,,,
4B4h,BMS_LV__cellsStatus,100,Cyclic,,1,6,LV_CELL_3_isOV,States whether the LV cell #3 is in overvoltage,1,0, ,i,u,r,,,,,s,,r,,,,,0..1,,,,
4B4h,BMS_LV__cellsStatus,100,Cyclic,,1,7,LV_CELL_3_isUV,States whether the LV cell #3 is in undervoltage,1,0, ,i,u,r,,,,,s,,r,,,,,0..1,,,,
4B4h,BMS_LV__cellsStatus,100,Cyclic,,2,0,LV_CELL_4_isOV,States whether the LV cell #4 is in overvoltage,1,0, ,i,u,r,,,,,s,,r,,,,,0..1,,,,
4B4h,BMS_LV__cellsStatus,100,Cyclic,,2,1,LV_CELL_4_isUV,States whether the LV cell #4 is in undervoltage,1,0, ,i,u,r,,,,,s,,r,,,,,0..1,,,,
4B4h,BMS_LV__cellsStatus,100,Cyclic,,2,2,LV_CELL_5_isOV,States whether the LV cell #5 is in overvoltage,1,0, ,i,u,r,,,,,s,,r,,,,,0..1,,,,
4B4h,BMS_LV__cellsStatus,100,Cyclic,,2,3,LV_CELL_5_isUV,States whether the LV cell #5 is in undervoltage,1,0, ,i,u,r,,,,,s,,r,,,,,0..1,,,,
4B4h,BMS_LV__cellsStatus,100,Cyclic,,2,4,LV_CELL_6_isOV,States whether the LV cell #6 is in overvoltage,1,0, ,i,u,r,,,,,s,,r,,,,,0..1,,,,
4B4h,BMS_LV__cellsStatus,100,Cyclic,,2,5,LV_CELL_6_isUV,States whether the LV cell #6 is in undervoltage,1,0, ,i,u,r,,,,,s,,r,,,,,0..1,,,,
4B4h,BMS_LV__cellsStatus,100,Cyclic,,2,6,LV_CELL_NTC_00_isOT,States whether the LV cell temperature sensor #0 (NTC) detects an over temperature,1,0, ,i,u,r,,,,,s,,r,,,,,0..1,,,,
4B4h,BMS_LV__cellsStatus,100,Cyclic,,2,7,LV_CELL_NTC_01_isOT,States whether the LV cell temperature sensor #1 (NTC) detects an over temperature,1,0, ,i,u,r,,,,,s,,r,,,,,0..1,,,,
4B4h,BMS_LV__cellsStatus,100,Cyclic,,3,0,LV_CELL_NTC_02_isOT,States whether the LV cell temperature sensor #2 (NTC) detects an over temperature,1,0, ,i,u,r,,,,,s,,r,,,,,0..1,,,,
4B4h,BMS_LV__cellsStatus,100,Cyclic,,3,1,LV_CELL_NTC_03_isOT,States whether the LV cell temperature sensor #3 (NTC) detects an over temperature,1,0, ,i,u,r,,,,,s,,r,,,,,0..1,,,,
4B4h,BMS_LV__cellsStatus,100,Cyclic,,3,2,LV_CELL_NTC_04_isOT,States whether the LV cell temperature sensor #4 (NTC) detects an over temperature,1,0, ,i,u,r,,,,,s,,r,,,,,0..1,,,,
4B4h,BMS_LV__cellsStatus,100,Cyclic,,3,3,LV_CELL_NTC_05_isOT,States whether the LV cell temperature sensor #5 (NTC) detects an over temperature,1,0, ,i,u,r,,,,,s,,r,,,,,0..1,,,,
4B4h,BMS_LV__cellsStatus,100,Cyclic,,3,4,LV_CELL_NTC_06_isOT,States whether the LV cell temperature sensor #6 (NTC) detects an over temperature,1,0, ,i,u,r,,,,,s,,r,,,,,0..1,,,,
4B4h,BMS_LV__cellsStatus,100,Cyclic,,3,5,LV_CELL_NTC_07_isOT,States whether the LV cell temperature sensor #7 (NTC) detects an over temperature,1,0, ,i,u,r,,,,,s,,r,,,,,0..1,,,,
4B4h,BMS_LV__cellsStatus,100,Cyclic,,3,6,LV_CELL_NTC_08_isOT,States whether the LV cell temperature sensor #8 (NTC) detects an over temperature,1,0, ,i,u,r,,,,,s,,r,,,,,0..1,,,,
4B4h,BMS_LV__cellsStatus,100,Cyclic,,3,7,LV_CELL_NTC_09_isOT,States whether the LV cell temperature sensor #9 (NTC) detects an over temperature,1,0, ,i,u,r,,,,,s,,r,,,,,0..1,,,,
4B4h,BMS_LV__cellsStatus,100,Cyclic,,4,0,LV_CELL_NTC_10_isOT,States whether the LV cell temperature sensor #10 (NTC) detects an over temperature,1,0, ,i,u,r,,,,,s,,r,,,,,0..1,,,,
4B4h,BMS_LV__cellsStatus,100,Cyclic,,4,1,LV_CELL_NTC_11_isOT,States whether the LV cell temperature sensor #11 (NTC) detects an over temperature,1,0, ,i,u,r,,,,,s,,r,,,,,0..1,,,,
4C4h,BMS_LV__status,500,Cyclic,,1,0,LV_RELAY_isClosed,States whether the LV relay is closed,1,0, ,i,u,r,,,,,s,,r,,,,,0..1,,,,
4C4h,BMS_LV__status,500,Cyclic,,1,1,LV_RELAY_isRelayOverrideOn,States whether the LV relay override is enabled,1,0, ,i,u,r,,,,,s,,r,,,,,0..1,,,,
4D4h,BMS_LV__lvCellVoltage0,100,Cyclic,,1,0,LV_CELL_0_voltage,The voltage of the LV cell #0 expressed in mV,16,-0.016, ,i,u,r,,,,,s,,r,,,,,0..2490.33,0.038  mV,,,
4D4h,BMS_LV__lvCellVoltage0,100,Cyclic,,3,0,LV_CELL_1_voltage,The voltage of the LV cell #1 expressed in mV,16,-0.016, ,i,u,r,,,,,s,,r,,,,,0..2490.33,0.038  mV,,,
4D4h,BMS_LV__lvCellVoltage0,100,Cyclic,,5,0,LV_CELL_2_voltage,The voltage of the LV cell #2 expressed in mV,16,-0.016, ,i,u,r,,,,,s,,r,,,,,0..2490.33,0.038  mV,,,
4D4h,BMS_LV__lvCellVoltage0,100,Cyclic,,7,0,LV_CELL_3_voltage,The voltage of the LV cell #3 expressed in mV,16,-0.016, ,i,u,r,,,,,s,,r,,,,,0..2490.33,0.038  mV,,,
4E4h,BMS_LV__lvCellVoltage1,100,Cyclic,,1,0,LV_CELL_4_voltage,The voltage of the LV cell #4 expressed in mV,16,-0.016, ,i,u,r,,,,,s,,r,,,,,0..2490.33,0.038  mV,,,
4E4h,BMS_LV__lvCellVoltage1,100,Cyclic,,3,0,LV_CELL_5_voltage,The voltage of the LV cell #4 expressed in mV,16,-0.016, ,i,u,r,,,,,s,,r,,,,,0..2490.33,0.038  mV,,,
4E4h,BMS_LV__lvCellVoltage1,100,Cyclic,,5,0,LV_CELL_6_voltage,The voltage of the LV cell #4 expressed in mV,16,-0.016, ,i,u,r,,,,,s,,r,,,,,0..2490.33,0.038  mV,,,
4F5h,DASH__peripheralsStatus,500,Cyclic,,1,0,TSAC_FAN_pwmDutyCycleStatus,PWM duty cycle percentage for TSAC fans control,4,0, ,i,u,r,,,,,,,r,,,s,,0..10,%,,,
50Ah,TPMS__frontWheelsPressure,0,CyclicIfActive,,1,0,TIRE_FL_sensID,The sensor id of the Front Left tire,8,1, ,i,u,r,,s,,,,,r,,,,,1..255,,,,
50Ah,TPMS__frontWheelsPressure,0,CyclicIfActive,,2,2,TIRE_FL_statusIsSpinning,Acc bit of Front Left tire status register: wheel is spinning (1) or not (0),1,0, ,i,u,r,,s,,,,,r,,,,,0..1,,,,
50Ah,TPMS__frontWheelsPressure,0,CyclicIfActive,,2,3,TIRE_FL_statusIsVbattNotOk,Vbatt bit of Front Left tire status register: TPMS battery is below 2.2V (1) or above (0),1,0, ,i,u,r,,s,,,,,r,,,,,0..1,,,,
50Ah,TPMS__frontWheelsPressure,0,CyclicIfActive,,3,0,TIRE_FL_temperature,The temperature of the Front Left tire,8,10, ,i,u,r,,s,,,,,r,,,,,10..170,degC,,,
50Ah,TPMS__frontWheelsPressure,0,CyclicIfActive,,4,0,TIRE_FL_pressure,The pressure of the front left tire,8,-0.7035, ,i,u,r,,s,,,,,r,,,,,1..254,13.7035  mB,,,
50Ah,TPMS__frontWheelsPressure,0,CyclicIfActive,,5,0,TIRE_FR_sensID,The sensor id of the front right tire,8,1, ,i,u,r,,s,,,,,r,,,,,1..255,,,,
50Ah,TPMS__frontWheelsPressure,0,CyclicIfActive,,6,2,TIRE_FR_statusIsSpinning,Acc bit of Front Right tire status register: wheel is spinning (1) or not (0),1,0, ,i,u,r,,s,,,,,r,,,,,0..1,,,,
50Ah,TPMS__frontWheelsPressure,0,CyclicIfActive,,6,3,TIRE_FR_statusIsVbattNotOk,Vbatt bit of Front Right tire status register: TPMS battery is below 2.2V (1) or above (0),1,0, ,i,u,r,,s,,,,,r,,,,,0..1,,,,
50Ah,TPMS__frontWheelsPressure,0,CyclicIfActive,,7,0,TIRE_FR_temperature,The temperature of the Front Right tire,8,10, ,i,u,r,,s,,,,,r,,,,,10..170,degC,,,
50Ah,TPMS__frontWheelsPressure,0,CyclicIfActive,,8,0,TIRE_FR_pressure,The pressure of the Front Right tire,8,-0.7035, ,i,u,r,,s,,,,,r,,,,,1..254,13.7035  mB,,,
51Ah,TPMS__rearWheelsPressure,0,CyclicIfActive,,1,0,TIRE_RL_sensID,The sensor id of the Rear Left tire,8,1, ,i,u,r,,s,,,,,r,,,,,1..255,,,,
51Ah,TPMS__rearWheelsPressure,0,CyclicIfActive,,2,2,TIRE_RL_statusIsSpinning,Acc bit of Rear Left tire status register: wheel is spinning (1) or not (0),1,0, ,i,u,r,,s,,,,,r,,,,,0..1,,,,
51Ah,TPMS__rearWheelsPressure,0,CyclicIfActive,,2,3,TIRE_RL_statusIsVbattNotOk,Vbatt bit of Rear Left tire status register: TPMS battery is below 2.2V (1) or above (0),1,0, ,i,u,r,,s,,,,,r,,,,,0..1,,,,
51Ah,TPMS__rearWheelsPressure,0,CyclicIfActive,,3,0,TIRE_RL_temperature,The temperature of the Rear Left tire,8,10, ,i,u,r,,s,,,,,r,,,,,10..170,degC,,,
51Ah,TPMS__rearWheelsPressure,0,CyclicIfActive,,4,0,TIRE_RL_pressure,The pressure of the front left tire,8,-0.7035, ,i,u,r,,s,,,,,r,,,,,1..254,13.7035  mB,,,
51Ah,TPMS__rearWheelsPressure,0,CyclicIfActive,,5,0,TIRE_RR_sensID,The sensor id of the front right tire,8,1, ,i,u,r,,s,,,,,r,,,,,1..255,,,,
51Ah,TPMS__rearWheelsPressure,0,CyclicIfActive,,6,2,TIRE_RR_statusIsSpinning,Acc bit of Rear Right tire status register: wheel is spinning (1) or not (0),1,0, ,i,u,r,,s,,,,,r,,,,,0..1,,,,
51Ah,TPMS__rearWheelsPressure,0,CyclicIfActive,,6,3,TIRE_RR_statusIsVbattNotOk,Vbatt bit of Rear Right tire status register: TPMS battery is below 2.2V (1) or above (0),1,0, ,i,u,r,,s,,,,,r,,,,,0..1,,,,
51Ah,TPMS__rearWheelsPressure,0,CyclicIfActive,,7,0,TIRE_RR_temperature,The temperature of the Rear Right tire,8,10, ,i,u,r,,s,,,,,r,,,,,10..170,degC,,,
51Ah,TPMS__rearWheelsPressure,0,CyclicIfActive,,8,0,TIRE_RR_pressure,The pressure of the Rear Right tire,8,-0.7035, ,i,u,r,,s,,,,,r,,,,,1..254,13.7035  mB,,,
610h,NLG5_ST,100,NoMsgSendType,,1,0,NLG5_S_HE,"Indicates if hardware enabled, i.e. a hi or lo signal is fed to the 'Power On' pin (pin3 of control connector)",1,0, ,m,u,r,,,,s,,,,,,,,0..1,,,,
610h,NLG5_ST,100,NoMsgSendType,,1,1,NLG5_S_ERR,"An error has been detected, red LED is ON, no power is output",1,0, ,m,u,r,,,,s,,,,,,,,0..1,,,,
610h,NLG5_ST,100,NoMsgSendType,,1,2,NLG5_S_WAR,"Warning condition on, i.e. charging power limited due to any limiting condition; red LED is blinking",1,0, ,m,u,r,,,,s,,,,,,,,0..1,,,,
610h,NLG5_ST,100,NoMsgSendType,,1,3,NLG5_S_FAN,Charger cooling fan is active,1,0, ,m,u,r,,,,s,,,,,,,,0..1,,,,
610h,NLG5_ST,100,NoMsgSendType,,1,4,NLG5_S_EUM,"European mains input detected (230V, 50Hz)",1,0, ,m,u,r,,,,s,,,,,,,,0..1,,,,
610h,NLG5_ST,100,NoMsgSendType,,1,5,NLG5_S_UM_I,US mains level 1 (120VAC / 60Hz) detected,1,0, ,m,u,r,,,,s,,,,,,,,0..1,,,,
610h,NLG5_ST,100,NoMsgSendType,,1,6,NLG5_S_UM_II,US mains level 2 (240VAC / 60Hz) detected,1,0, ,m,u,r,,,,s,,,,,,,,0..1,,,,
610h,NLG5_ST,100,NoMsgSendType,,1,7,NLG5_S_CP_DT,Control pilot signal (SAE J1772) detected ,1,0, ,m,u,r,,,,s,,,,,,,,0..1,,,,
610h,NLG5_ST,100,NoMsgSendType,,2,0,NLG5_S_BPD_I,"Bypass detection bit 1; 00: no bypass, 01: DC bypass detected, 10:AC bypass in phase, 11: AC bypass not in phase",1,0, ,m,u,r,,,,s,,,,,,,,0..1,,,,
610h,NLG5_ST,100,NoMsgSendType,,2,1,NLG5_S_BPD_II,"Bypass detection bit 2; 00: no bypass, 01: DC bypass detected, 10:AC bypass in phase, 11: AC bypass not in phase",1,0, ,m,u,r,,,,s,,,,,,,,0..1,,,,
610h,NLG5_ST,100,NoMsgSendType,,2,2,NLG5_S_L_OV,Output power limited by battery output voltage limit,1,0, ,m,u,r,,,,s,,,,,,,,0..1,,,,
610h,NLG5_ST,100,NoMsgSendType,,2,3,NLG5_S_L_OC,Output power limited by battery output current limit,1,0, ,m,u,r,,,,s,,,,,,,,0..1,,,,
610h,NLG5_ST,100,NoMsgSendType,,2,4,NLG5_S_L_MC,Output power limited by mains current limit,1,0, ,m,u,r,,,,s,,,,,,,,0..1,,,,
610h,NLG5_ST,100,NoMsgSendType,,2,5,NLG5_S_L_PI,Output power limited by analog input 'power indicator' (PI) limit,1,0, ,m,u,r,,,,s,,,,,,,,0..1,,,,
610h,NLG5_ST,100,NoMsgSendType,,2,6,NLG5_S_L_CP,Output power limited by control pilot signal (SAE J1772),1,0, ,m,u,r,,,,s,,,,,,,,0..1,,,,
610h,NLG5_ST,100,NoMsgSendType,,2,7,NLG5_S_L_PMAX,Output power limited by maximum power capability of NLG5,1,0, ,m,u,r,,,,s,,,,,,,,0..1,,,,
610h,NLG5_ST,100,NoMsgSendType,,3,0,NLG5_S_L_MC_MAX,Output power limited by maximum mains current capability of NLG5,1,0, ,m,u,r,,,,s,,,,,,,,0..1,,,,
610h,NLG5_ST,100,NoMsgSendType,,3,1,NLG5_S_L_OC_MAX,Output power limited by maximum output current capability of NLG5,1,0, ,m,u,r,,,,s,,,,,,,,0..1,,,,
610h,NLG5_ST,100,NoMsgSendType,,3,2,NLG5_S_L_MO_MAX,Output power limited by maximum output voltage capability of NLG5,1,0, ,m,u,r,,,,s,,,,,,,,0..1,,,,
610h,NLG5_ST,100,NoMsgSendType,,3,3,NLG5_S_L_T_CPRIM,Output power limited by temperature of primary capacitors,1,0, ,m,u,r,,,,s,,,,,,,,0..1,,,,
610h,NLG5_ST,100,NoMsgSendType,,3,4,NLG5_S_L_T_POW,Output power limited by temperature of power stage,1,0, ,m,u,r,,,,s,,,,,,,,0..1,,,,
610h,NLG5_ST,100,NoMsgSendType,,3,5,NLG5_S_L_T_DIO,Output power limited by temperature of diodes,1,0, ,m,u,r,,,,s,,,,,,,,0..1,,,,
610h,NLG5_ST,100,NoMsgSendType,,3,6,NLG5_S_L_T_TR,Output power limited by temperature of transformer,1,0, ,m,u,r,,,,s,,,,,,,,0..1,,,,
610h,NLG5_ST,100,NoMsgSendType,,3,7,NLG5_S_L_T_BATT,Output power limited by battery temperature,1,0, ,m,u,r,,,,s,,,,,,,,0..1,,,,
610h,NLG5_ST,100,NoMsgSendType,,4,7,NLG5_S_AAC,AUX 12 V Automatic Charging Active,1,0, ,m,u,r,,,,s,,,,,,,,0..1,,,,
611h,NLG5_ACT_I,100,NoMsgSendType,,1,0,NLG5_MC_ACT,Actual mains current,16,0.00, ,m,u,r,,,,s,,,,,,,,0..50,0.01  A,,,
611h,NLG5_ACT_I,100,NoMsgSendType,,3,0,NLG5_MV_ACT,Actual mains voltage,16,0.0, ,m,u,r,,,,s,,,,,,,,0..500,0.1  V,,,
611h,NLG5_ACT_I,100,NoMsgSendType,,5,0,NLG5_OV_ACT,Actual battery output voltage,16,0.0, ,m,u,r,,,,s,,,,,,,,0..1000,0.1  V,,,
611h,NLG5_ACT_I,100,NoMsgSendType,,7,0,NLG5_OC_ACT,output current to the battery,16,0.00, ,m,s,r,,,,s,,,,,,,,0..150,0.01  A,,,
612h,NLG5_ACT_II,100,NoMsgSendType,,1,0,NLG5_S_MC_M_CP,"Value of mains current limit, commanded by the control pilot (SAE J1772) signal",16,0.0, ,m,u,r,,,,s,,,,,,,,0..100,0.1  A,,,
612h,NLG5_ACT_II,100,NoMsgSendType,,3,0,NLG5_S_MC_M_PI,"Value of mains current limit, commanded by the 'power indicator' (PI) analog input signal",8,0.0, ,m,u,r,,,,s,,,,,,,,0..20,0.1  A,,,
612h,NLG5_ACT_II,100,NoMsgSendType,,4,0,NLG5_ABV,Aux battery voltage,8,0.0, ,m,u,r,,,,s,,,,,,,,0..25,0.1  V,,,
612h,NLG5_ACT_II,100,NoMsgSendType,,5,0,NLG5_AHC_EXT,Charge balance obtained via  Ext. Ah counter connected to DI1 / DI2,16,0.00, ,m,s,r,,,,s,,,,,,,,-327.68..327.67,0.01  Ah,,,
612h,NLG5_ACT_II,100,NoMsgSendType,,7,0,NLG5_OC_BO,output current of the booster (if one is present and active),16,0.00, ,m,u,r,,,,s,,,,,,,,0..50,0.01  A,,,
613h,NLG5_TEMP,1000,NoMsgSendType,,1,0,NLG5_P_TMP,Power stage temperature,16,0.0, ,m,s,r,,,,s,,,,,,,,-40..300,0.1  degC,,,
613h,NLG5_TEMP,1000,NoMsgSendType,,3,0,NLG5_TMP_EXT1,Value of external battery temperature sensor #1 (if connected and enabled),16,0.0, ,m,s,r,,,,s,,,,,,,,-40..300,0.1  degC,,,
613h,NLG5_TEMP,1000,NoMsgSendType,,5,0,NLG5_TEMP_EXT2,Value of external battery temperature sensor #2 (if connected and enabled),16,0.0, ,m,s,r,,,,s,,,,,,,,-40..300,0.1  degC,,,
613h,NLG5_TEMP,1000,NoMsgSendType,,7,0,NLG5_TMP_EXT3,Value of external battery temperature sensor #3 (if connected and enabled),16,0.0, ,m,s,r,,,,s,,,,,,,,-40..300,0.1  degC,,,
614h,NLG5_ERR,1000,NoMsgSendType,,1,0,NLG5_E_OOV,battery output overvoltage; error can only be cleared by cycling power ON-OFF-ON,1,0, ,m,u,r,,,,s,,,,,,,,0..1,,,,
614h,NLG5_ERR,1000,NoMsgSendType,,1,1,NLG5_E_MOV_II,Mains overvoltage 2 detected,1,0, ,m,u,r,,,,s,,,,,,,,0..1,,,,
614h,NLG5_ERR,1000,NoMsgSendType,,1,2,NLG5_E_MOV_I,Mains overvoltage 1 detected,1,0, ,m,u,r,,,,s,,,,,,,,0..1,,,,
614h,NLG5_ERR,1000,NoMsgSendType,,1,3,NLG5_E_SC,power stage short circuit condition detected; error can only be cleared by cycling power ON-OFF-ON,1,0, ,m,u,r,,,,s,,,,,,,,0..1,,,,
614h,NLG5_ERR,1000,NoMsgSendType,,1,4,NLG5_E_P_OM,plausibility battery output voltage measurement wrong,1,0, ,m,u,r,,,,s,,,,,,,,0..1,,,,
614h,NLG5_ERR,1000,NoMsgSendType,,1,5,NLG5_E_P_MV,plausibility mains voltage measurement wrong,1,0, ,m,u,r,,,,s,,,,,,,,0..1,,,,
614h,NLG5_ERR,1000,NoMsgSendType,,1,6,NLG5_E_OF,output fuse defective,1,0, ,m,u,r,,,,s,,,,,,,,0..1,,,,
614h,NLG5_ERR,1000,NoMsgSendType,,1,7,NLG5_E_MF,Mains fuse defective,1,0, ,m,u,r,,,,s,,,,,,,,0..1,,,,
614h,NLG5_ERR,1000,NoMsgSendType,,2,0,NLG5_E_B_P,wrong battery polarity;  error can only be cleared by cycling power ON-OFF-ON,1,0, ,m,u,r,,,,s,,,,,,,,0..1,,,,
614h,NLG5_ERR,1000,NoMsgSendType,,2,1,NLG5_E_T_C,Temperature sensor for prim capacitor defective,1,0, ,m,u,r,,,,s,,,,,,,,0..1,,,,
614h,NLG5_ERR,1000,NoMsgSendType,,2,2,NLG5_E_T_POW,Temperature sensor for prim power stage defective,1,0, ,m,u,r,,,,s,,,,,,,,0..1,,,,
614h,NLG5_ERR,1000,NoMsgSendType,,2,3,NLG5_E_T_DIO,Temperature sensor for diodes defective,1,0, ,m,u,r,,,,s,,,,,,,,0..1,,,,
614h,NLG5_ERR,1000,NoMsgSendType,,2,4,NLG5_E_T_TR,Temperature sensor for transformer defective,1,0, ,m,u,r,,,,s,,,,,,,,0..1,,,,
614h,NLG5_ERR,1000,NoMsgSendType,,2,5,NLG5_E_T_EXT1,Ext. temperature sensor 1 defective (if enabled),1,0, ,m,u,r,,,,s,,,,,,,,0..1,,,,
614h,NLG5_ERR,1000,NoMsgSendType,,2,6,NLG5_E_T_EXT2,Ext. temperature sensor 2 defective (if enabled),1,0, ,m,u,r,,,,s,,,,,,,,0..1,,,,
614h,NLG5_ERR,1000,NoMsgSendType,,2,7,NLG5_E_T_EXT3,Ext. temperature sensor 3 defective (if enabled),1,0, ,m,u,r,,,,s,,,,,,,,0..1,,,,
614h,NLG5_ERR,1000,NoMsgSendType,,3,0,NLG5_E_F_CRC,Flash memory checksum failure,1,0, ,m,u,r,,,,s,,,,,,,,0..1,,,,
614h,NLG5_ERR,1000,NoMsgSendType,,3,1,NLG5_E_NV_CRC,"NVSRAM check sum failure; contains most of the scaling & calibration values, CAN ID's and  charging profile etc.",1,0, ,m,u,r,,,,s,,,,,,,,0..1,,,,
614h,NLG5_ERR,1000,NoMsgSendType,,3,2,NLG5_E_ES_CRC,Sys EEPROM checksum failure,1,0, ,m,u,r,,,,s,,,,,,,,0..1,,,,
614h,NLG5_ERR,1000,NoMsgSendType,,3,3,NLG5_E_EP_CRC,Pow EEPROM checksum failure,1,0, ,m,u,r,,,,s,,,,,,,,0..1,,,,
614h,NLG5_ERR,1000,NoMsgSendType,,3,4,NLG5_E_WDT,Internal Watchdog Timeout,1,0, ,m,u,r,,,,s,,,,,,,,0..1,,,,
614h,NLG5_ERR,1000,NoMsgSendType,,3,5,NLG5_E_INIT,Initialization error,1,0, ,m,u,r,,,,s,,,,,,,,0..1,,,,
614h,NLG5_ERR,1000,NoMsgSendType,,3,6,NLG5_E_C_TO,"CAN timeout, no control message received for >300ms",1,0, ,m,u,r,,,,s,,,,,,,,0..1,,,,
614h,NLG5_ERR,1000,NoMsgSendType,,3,7,NLG5_E_C_OFF,"CAN off, transmit buffer >255",1,0, ,m,u,r,,,,s,,,,,,,,0..1,,,,
614h,NLG5_ERR,1000,NoMsgSendType,,4,0,NLG5_E_C_TX,CAN transmit buffer >127,1,0, ,m,u,r,,,,s,,,,,,,,0..1,,,,
614h,NLG5_ERR,1000,NoMsgSendType,,4,1,NLG5_E_C_RX,CAN receiver buffer >127,1,0, ,m,u,r,,,,s,,,,,,,,0..1,,,,
614h,NLG5_ERR,1000,NoMsgSendType,,4,2,NLG5_E_SDT_BT,Emergency Shutdown Threshold 'Battery Temperature' is exceeded; see ChargeStar help section 'protective features';  error can only be cleared by cycling power ON-OFF-ON,1,0, ,m,u,r,,,,s,,,,,,,,0..1,,,,
614h,NLG5_ERR,1000,NoMsgSendType,,4,3,NLG5_E_SDT_BV,Emergency Shutdown Threshold 'Battery Voltage' is exceeded; see ChargeStar help section 'protective features';  error can only be cleared by cycling power ON-OFF-ON,1,0, ,m,u,r,,,,s,,,,,,,,0..1,,,,
614h,NLG5_ERR,1000,NoMsgSendType,,4,4,NLG5_E_SDT_AH,Emergency Shutdown Threshold 'Amp Hours' is exceeded; see ChargeStar help section 'protective features';  error can only be cleared by cycling power ON-OFF-ON,1,0, ,m,u,r,,,,s,,,,,,,,0..1,,,,
614h,NLG5_ERR,1000,NoMsgSendType,,4,5,NLG5_E_SDT_CT,Emergency Shutdown Threshold 'Charging Time' is exceeded; see ChargeStar help section 'protective features';  error can only be cleared by cycling power ON-OFF-ON,1,0, ,m,u,r,,,,s,,,,,,,,0..1,,,,
614h,NLG5_ERR,1000,NoMsgSendType,,5,0,NLG5_W_PL_MV,Output power limited by low mains voltage,1,0, ,m,u,r,,,,s,,,,,,,,0..1,,,,
614h,NLG5_ERR,1000,NoMsgSendType,,5,1,NLG5_W_PL_BV,Output power limited by low battery voltage,1,0, ,m,u,r,,,,s,,,,,,,,0..1,,,,
614h,NLG5_ERR,1000,NoMsgSendType,,5,2,NLG5_W_PL_IT,Output power limited by charger internal overtemperature,1,0, ,m,u,r,,,,s,,,,,,,,0..1,,,,
614h,NLG5_ERR,1000,NoMsgSendType,,5,3,NLG5_W_C_VOR,Commanded value is out of specified range; max or min applicable value is assumed instead,1,0, ,m,u,r,,,,s,,,,,,,,0..1,,,,
614h,NLG5_ERR,1000,NoMsgSendType,,5,4,NLG5_W_CM_NA,NLG5 Control message not active,1,0, ,m,u,,,,,s,,,,,,,,0..0,,,,
614h,NLG5_ERR,1000,NoMsgSendType,,5,6,NLG5_W_OD,"LED Output driver defective, LEDs cannot be controlled by NLG5 anymore. Charging is still possible.",1,0, ,m,u,,,,,s,,,,,,,,0..0,,,,
614h,NLG5_ERR,1000,NoMsgSendType,,5,7,NLG5_W_SC_M,Save-Charging-Mode reduces primary current to 3.95 A as long as one of the four internal temperature sensors indicates -18deg C or less.,1,0, ,m,u,r,,,,s,,,,,,,,0..0,,,,
618h,NLG5_CTL,100,NoMsgSendType,,1,0,NLG5_C_C_EN,Must be ON to enable power stage of the charger,1,0, ,m,u,r,,,,r/s,,,,,,,,0..1,,,,
618h,NLG5_CTL,100,NoMsgSendType,,1,1,NLG5_C_C_EL,cycle this value 0-1-0 to clear all latched charger errors ,1,0, ,m,u,r,,,,r/s,,,,,,,,0..1,,,,
618h,NLG5_CTL,100,NoMsgSendType,,1,2,NLG5_C_CP_V,"special signal to tell a charging station equipped with the Control Pilot interface (SAE J1772) to switch on the facility's ventilation (in order to get rid of battery gases like hydrogen, e.g.)",1,0, ,m,u,r,,,,r/s,,,,,,,,0..1,,,,
618h,NLG5_CTL,100,NoMsgSendType,,1,3,NLG5_C_MR,Enables CP-State C to request mains voltage,1,0, ,m,u,r,,,,r/s,,,,,,,,0..1,,,,
618h,NLG5_CTL,100,NoMsgSendType,,2,0,NLG5_MC_MAX,"Maximum current to be drawn from the mains outlet, usually 16A. Must always contain a valid value in order to keep on charging.",16,0.0, ,m,u,r,,,,r/s,,,,,,,,0..50,0.1  A,,,
618h,NLG5_CTL,100,NoMsgSendType,,4,0,NLG5_OV_COM,Desired voltage to be output to the battery. Must always contain a valid value in order to keep on charging.,16,0.0, ,m,u,r,,,,r/s,,,,,,,,0..1000,0.1  V,,,
618h,NLG5_CTL,100,NoMsgSendType,,6,0,NLG5_OC_COM,Desired battery current. Must always contain a valid value in order to keep on charging.,16,0.0, ,m,u,r,,,,r/s,,,,,,,,0..150,0.1  A,,,
641h,TLB_BAT__hello,0,IfActive,,1,0,FW_majorVersion,firmware major version number,8,0, ,i,u,r,s,,,,,,r,,,,,0..255,,,,
641h,TLB_BAT__hello,0,IfActive,,2,0,FW_minorVersion,firmware minor version number,8,0, ,i,u,r,s,,,,,,r,,,,,0..255,,,,
641h,TLB_BAT__hello,0,IfActive,,3,0,FW_patchVersion,firmware patch version number,8,0, ,i,u,r,s,,,,,,r,,,,,0..255,,,,
642h,SB_FRONT__hello,0,IfActive,,1,0,FW_majorVersion,firmware major version number,8,0, ,i,u,r,,,,,,,r,,s,,,0..255,,,,
642h,SB_FRONT__hello,0,IfActive,,2,0,FW_minorVersion,firmware minor version number,8,0, ,i,u,r,,,,,,,r,,s,,,0..255,,,,
642h,SB_FRONT__hello,0,IfActive,,3,0,FW_patchVersion,firmware patch version number,8,0, ,i,u,r,,,,,,,r,,s,,,0..255,,,,
643h,SB_REAR__hello,0,IfActive,,1,0,FW_majorVersion,firmware major version number,8,0, ,i,u,r,,,,,,s,r,,,,,0..255,,,,
643h,SB_REAR__hello,0,IfActive,,2,0,FW_minorVersion,firmware minor version number,8,0, ,i,u,r,,,,,,s,r,,,,,0..255,,,,
643h,SB_REAR__hello,0,IfActive,,3,0,FW_patchVersion,firmware patch version number,8,0, ,i,u,r,,,,,,s,r,,,,,0..255,,,,
644h,BMS_LV__hello,0,IfActive,,1,0,FW_majorVersion,firmware major version number,8,0, ,i,u,r,,,,,s,,r,,,,,0..255,,,,
644h,BMS_LV__hello,0,IfActive,,2,0,FW_minorVersion,firmware minor version number,8,0, ,i,u,r,,,,,s,,r,,,,,0..255,,,,
644h,BMS_LV__hello,0,IfActive,,3,0,FW_patchVersion,firmware patch version number,8,0, ,i,u,r,,,,,s,,r,,,,,0..255,,,,
645h,DASH__hello,0,IfActive,,1,0,FW_majorVersion,firmware major version number,8,0, ,i,u,r,,,,,,,r,,,s,,0..255,,,,
645h,DASH__hello,0,IfActive,,2,0,FW_minorVersion,firmware minor version number,8,0, ,i,u,r,,,,,,,r,,,s,,0..255,,,,
645h,DASH__hello,0,IfActive,,3,0,FW_patchVersion,firmware patch version number,8,0, ,i,u,r,,,,,,,r,,,s,,0..255,,,,
647h,DSPACE__hello,0,IfActive,,1,0,FW_majorVersion,firmware major version number,8,0, ,i,u,r,,,,,,,s,,,,,0..255,,,,
647h,DSPACE__hello,0,IfActive,,2,0,FW_minorVersion,firmware minor version number,8,0, ,i,u,r,,,,,,,s,,,,,0..255,,,,
647h,DSPACE__hello,0,IfActive,,3,0,FW_patchVersion,firmware patch version number,8,0, ,i,u,r,,,,,,,s,,,,,0..255,,,,
654h,BMS_LV__lvCellNTCResistance0,2000,Cyclic,,1,0,LV_CELL_NTC_00_resistance,The resistance of the NTC #0 in the battery pack expressed in Ohm,10,0.00, ,i,u,r,,,,,s,,r,,,,,0..31968.8,31.25  Ohm,,,
654h,BMS_LV__lvCellNTCResistance0,2000,Cyclic,,2,2,LV_CELL_NTC_01_resistance,The resistance of the NTC #1 in the battery pack expressed in Ohm,10,0.00, ,i,u,r,,,,,s,,r,,,,,0..31968.8,31.25  Ohm,,,
654h,BMS_LV__lvCellNTCResistance0,2000,Cyclic,,3,4,LV_CELL_NTC_02_resistance,The resistance of the NTC #2 in the battery pack expressed in Ohm,10,0.00, ,i,u,r,,,,,s,,r,,,,,0..31968.8,31.25  Ohm,,,
654h,BMS_LV__lvCellNTCResistance0,2000,Cyclic,,4,6,LV_CELL_NTC_03_resistance,The resistance of the NTC #3 in the battery pack expressed in Ohm,10,0.00, ,i,u,r,,,,,s,,r,,,,,0..31968.8,31.25  Ohm,,,
654h,BMS_LV__lvCellNTCResistance0,2000,Cyclic,,6,0,LV_CELL_NTC_04_resistance,The resistance of the NTC #4 in the battery pack expressed in Ohm,10,0.00, ,i,u,r,,,,,s,,r,,,,,0..31968.8,31.25  Ohm,,,
654h,BMS_LV__lvCellNTCResistance0,2000,Cyclic,,7,2,LV_CELL_NTC_05_resistance,The resistance of the NTC #5 in the battery pack expressed in Ohm,10,0.00, ,i,u,r,,,,,s,,r,,,,,0..31968.8,31.25  Ohm,,,
664h,BMS_LV__lvCellNTCResistance1,2000,Cyclic,,1,0,LV_CELL_NTC_06_resistance,The resistance of the NTC #6 in the battery pack expressed in Ohm,10,0.00, ,i,u,r,,,,,s,,r,,,,,0..31968.8,31.25  Ohm,,,
664h,BMS_LV__lvCellNTCResistance1,2000,Cyclic,,2,2,LV_CELL_NTC_07_resistance,The resistance of the NTC #7 in the battery pack expressed in Ohm,10,0.00, ,i,u,r,,,,,s,,r,,,,,0..31968.8,31.25  Ohm,,,
664h,BMS_LV__lvCellNTCResistance1,2000,Cyclic,,3,4,LV_CELL_NTC_08_resistance,The resistance of the NTC #8 in the battery pack expressed in Ohm,10,0.00, ,i,u,r,,,,,s,,r,,,,,0..31968.8,31.25  Ohm,,,
664h,BMS_LV__lvCellNTCResistance1,2000,Cyclic,,4,6,LV_CELL_NTC_09_resistance,The resistance of the NTC #9 in the battery pack expressed in Ohm,10,0.00, ,i,u,r,,,,,s,,r,,,,,0..31968.8,31.25  Ohm,,,
664h,BMS_LV__lvCellNTCResistance1,2000,Cyclic,,6,0,LV_CELL_NTC_10_resistance,The resistance of the NTC #10 in the battery pack expressed in Ohm,10,0.00, ,i,u,r,,,,,s,,r,,,,,0..31968.8,31.25  Ohm,,,
664h,BMS_LV__lvCellNTCResistance1,2000,Cyclic,,7,2,LV_CELL_NTC_11_resistance,The resistance of the NTC #11 in the battery pack expressed in Ohm,10,0.00, ,i,u,r,,,,,s,,r,,,,,0..31968.8,31.25  Ohm,,,
672h,SB_FRONT__ntcResistance,500,Cyclic,,1,0,JACKET_FL_NTC_resistance,The resistance of the front left jacket NTC expressed in Ohm,10,0.00, ,i,u,r,,,,,,,r,,s,,,0..31968.8,31.25  Ohm,,,
672h,SB_FRONT__ntcResistance,500,Cyclic,,2,2,JACKET_FR_NTC_resistance,The resistance of the front right jacket NTC expressed in Ohm,10,0.00, ,i,u,r,,,,,,,r,,s,,,0..31968.8,31.25  Ohm,,,
672h,SB_FRONT__ntcResistance,500,Cyclic,,3,4,COLDPLATE_L_NTC_resistance,The resistance of the left coldplate NTC expressed in Ohm,10,0.00, ,i,u,r,,,,,,,r,,s,,,0..31968.8,31.25  Ohm,,,
672h,SB_FRONT__ntcResistance,500,Cyclic,,4,6,COLDPLATE_R_NTC_resistance,The resistance of the right coldplate NTC expressed in Ohm,10,0.00, ,i,u,r,,,,,,,r,,s,,,0..31968.8,31.25  Ohm,,,
672h,SB_FRONT__ntcResistance,500,Cyclic,,6,0,SPARE_NTC_0_resistance,The resistance of the spare NTC #0 expressed in Ohm,10,0.00, ,i,u,r,,,,,,,r,,s,,,0..31968.8,31.25  Ohm,,,
672h,SB_FRONT__ntcResistance,500,Cyclic,,7,2,SPARE_NTC_1_resistance,The resistance of the spare NTC #1 expressed in Ohm,10,0.00, ,i,u,r,,,,,,,r,,s,,,0..31968.8,31.25  Ohm,,,
683h,SB_REAR__ntcResistance,500,Cyclic,,1,0,JACKET_RL_NTC_resistance,The resistance of the rear left jacket NTC expressed in Ohm,10,0.00, ,i,u,r,,,,,,s,r,,,,,0..31968.8,31.25  Ohm,,,
683h,SB_REAR__ntcResistance,500,Cyclic,,2,2,JACKET_RR_NTC_resistance,The resistance of the rear right jacket NTC expressed in Ohm,10,0.00, ,i,u,r,,,,,,s,r,,,,,0..31968.8,31.25  Ohm,,,
683h,SB_REAR__ntcResistance,500,Cyclic,,3,4,RAD_RL_IN_NTC_resistance,The resistance of the rear left IN radiator NTC expressed in Ohm,10,0.00, ,i,u,r,,,,,,s,r,,,,,0..31968.8,31.25  Ohm,,,
683h,SB_REAR__ntcResistance,500,Cyclic,,4,6,RAD_RL_OUT_NTC_resistance,The resistance of the rear left OUT radiator NTC expressed in Ohm,10,0.00, ,i,u,r,,,,,,s,r,,,,,0..31968.8,31.25  Ohm,,,
683h,SB_REAR__ntcResistance,500,Cyclic,,6,0,RAD_RR_IN_NTC_resistance,The resistance of the rear right IN radiator NTC expressed in Ohm,10,0.00, ,i,u,r,,,,,,s,r,,,,,0..31968.8,31.25  Ohm,,,
683h,SB_REAR__ntcResistance,500,Cyclic,,7,2,RAD_RR_OUT_NTC_resistance,The resistance of the rear right OUT radiator NTC expressed in Ohm,10,0.00, ,i,u,r,,,,,,s,r,,,,,0..31968.8,31.25  Ohm,,,
695h,DASH__appsRangeLimits,0,IfActive,,1,0,APPS_0_voltageRangeMin,APPS channel #0 minimum range expressed in mV,16,0, ,i,u,r,,,,,,,r,,,s,,0..65535,mV,,,
695h,DASH__appsRangeLimits,0,IfActive,,3,0,APPS_0_voltageRangeMax,APPS channel #0 maximum range expressed in mV,16,0, ,i,u,r,,,,,,,r,,,s,,0..65535,mV,,,
695h,DASH__appsRangeLimits,0,IfActive,,5,0,APPS_1_voltageRangeMin,APPS channel #1 minimum range expressed in mV,16,0, ,i,u,r,,,,,,,r,,,s,,0..65535,mV,,,
695h,DASH__appsRangeLimits,0,IfActive,,7,0,APPS_1_voltageRangeMax,APPS channel #1 maximum range expressed in mV,16,0, ,i,u,r,,,,,,,r,,,s,,0..65535,mV,,,
6A5h,DASH__carCommands,0,IfActive,,1,0,BMS_LV_diagPWD,The password to enter diagnostic mode of the BMS_LV,16,0, ,i,u,,,,,,r,,,,,s,,0..32768,,,,
6A5h,DASH__carCommands,0,IfActive,,3,0,LV_RELAY_overrideState,"The override state to force the LV relay: no override (OFF/0), alwasy open (OPEN/1) or always closed (CLOSED/2)",2,0, ,i,u,,,,,,r,,,,,s,,0..2,,"0: LV_RLY_OVERRIDE_OFF, 1: LV_RLY_OVERRIDE_OPEN, 2: LV_RLY_OVERRIDE_CLOSED",,
6A5h,DASH__carCommands,0,IfActive,,3,0,LV_RELAY_overrideState,"The override state to force the LV relay: no override (OFF/0), alwasy open (OPEN/1) or always closed (CLOSED/2)",2,0, ,i,u,,,,,,r,,,,,s,,0..2,,"0: LV_RLY_OVERRIDE_OFF, 1: LV_RLY_OVERRIDE_OPEN, 2: LV_RLY_OVERRIDE_CLOSED",,
6A5h,DASH__carCommands,0,IfActive,,3,0,LV_RELAY_overrideState,"The override state to force the LV relay: no override (OFF/0), alwasy open (OPEN/1) or always closed (CLOSED/2)",2,0, ,i,u,,,,,,r,,,,,s,,0..2,,"0: LV_RLY_OVERRIDE_OFF, 1: LV_RLY_OVERRIDE_OPEN, 2: LV_RLY_OVERRIDE_CLOSED",,
6B7h,DSPACE__dashLedsColorRGB,200,Cyclic,,1,0,LED_1_red,The red channel of LED #1 of the dashboard,3,0, ,i,u,,,,,,,,s,,,,,0..7,,,,
6B7h,DSPACE__dashLedsColorRGB,200,Cyclic,,1,3,LED_1_green,The green channel of LED #1 of the dashboard,3,0, ,i,u,,,,,,,,s,,,,,0..7,,,,
6B7h,DSPACE__dashLedsColorRGB,200,Cyclic,,1,6,LED_1_blue,The blue channel of LED #1 of the dashboard,3,0, ,i,u,,,,,,,,s,,,,,0..7,,,,
6B7h,DSPACE__dashLedsColorRGB,200,Cyclic,,2,1,LED_2_red,The red channel of LED #2 of the dashboard,3,0, ,i,u,,,,,,,,s,,,,,0..7,,,,
6B7h,DSPACE__dashLedsColorRGB,200,Cyclic,,2,4,LED_2_green,The green channel of LED #2 of the dashboard,3,0, ,i,u,,,,,,,,s,,,,,0..7,,,,
6B7h,DSPACE__dashLedsColorRGB,200,Cyclic,,2,7,LED_2_blue,The blue channel of LED #2 of the dashboard,3,0, ,i,u,,,,,,,,s,,,,,0..7,,,,
6B7h,DSPACE__dashLedsColorRGB,200,Cyclic,,3,2,LED_3_red,The red channel of LED #3 of the dashboard,3,0, ,i,u,,,,,,,,s,,,,,0..7,,,,
6B7h,DSPACE__dashLedsColorRGB,200,Cyclic,,3,5,LED_3_green,The green channel of LED #3 of the dashboard,3,0, ,i,u,,,,,,,,s,,,,,0..7,,,,
6B7h,DSPACE__dashLedsColorRGB,200,Cyclic,,4,0,LED_3_blue,The blue channel of LED #3 of the dashboard,3,0, ,i,u,,,,,,,,s,,,,,0..7,,,,
6B7h,DSPACE__dashLedsColorRGB,200,Cyclic,,4,3,LED_4_red,The red channel of LED #4 of the dashboard,3,0, ,i,u,,,,,,,,s,,,,,0..7,,,,
6B7h,DSPACE__dashLedsColorRGB,200,Cyclic,,4,6,LED_4_green,The green channel of LED #4 of the dashboard,3,0, ,i,u,,,,,,,,s,,,,,0..7,,,,
6B7h,DSPACE__dashLedsColorRGB,200,Cyclic,,5,1,LED_4_blue,The blue channel of LED #4 of the dashboard,3,0, ,i,u,,,,,,,,s,,,,,0..7,,,,
708h,IRTS_placeholderMessage,0,NoMsgSendType,,1,0,IRTS_signalPlaceholder,,64,0, ,i,u,,,,,,,,,s,,,,0..65535,,,,
718h,NLG5_DIAG_RX,0,NoMsgSendType,,1,0,LAD_D_ParamRq,Diag requested data from host,64,0, ,m,u,r,,,,r/s,,,,,,,,0..0,,,,
71Ah,NLG5_DIAG_TX,0,NoMsgSendType,,1,0,LAD_D_ParamRp,Diag responded data to host,64,0, ,m,u,r,,,,r/s,,,,,,,,0..0,,,,
